PDB ID,Chain,Helix Start,Helix End,Helix Start CA,Helix End CA,Helix Length,Helix Sequence,Transmembrane Prediction
1BE3,A,4,9,"[3.464, 141.911, -18.059]","[6.452, 150.215, -20.102]",6,YAQALQ,-1.0
1BE3,A,51,62,"[19.518, 166.831, 23.278]","[2.469, 169.955, 16.843]",12,KNNGAGYFVEHL,-1.0
1BE3,A,72,82,"[-6.86, 175.831, 17.604]","[-13.672, 168.115, 3.209]",11,GNALEKEVESM,-1.0
1BE3,A,103,118,"[-9.151, 165.284, -6.486]","[5.795, 176.479, 7.632]",16,SKDLPKAVELLADIVQ,-1.0
1BE3,A,124,143,"[3.573, 177.088, 25.944]","[5.278, 147.527, 26.042]",20,DSQIEKERDVILQELQENDT,-1.0
1BE3,A,145,157,"[9.002, 144.063, 22.151]","[24.545, 148.339, 15.158]",13,MRDVVFNYLHATA,-1.0
1BE3,A,171,176,"[12.765, 160.237, 27.757]","[13.988, 169.389, 29.326]",6,SENVRK,-1.0
1BE3,A,179,190,"[10.823, 175.787, 23.349]","[12.905, 172.261, 6.953]",12,RADLTEYLSRHY,-1.0
1BE3,A,205,211,"[1.611, 168.171, -12.979]","[0.168, 175.504, -7.008]",7,HRQLLDL,-1.0
1BE3,A,265,277,"[23.307, 147.188, -7.765]","[14.149, 133.098, 3.062]",13,PDNVALQVANAII,-1.0
1BE3,A,293,300,"[13.087, 125.967, 4.127]","[6.865, 121.693, 10.813]",8,PLASIAAT,-1.0
1BE3,A,331,348,"[16.131, 130.582, 20.241]","[24.713, 126.886, -3.069]",18,IDDMMFVLQGQWMRLCTS,-1.0
1BE3,A,351,369,"[18.808, 128.976, -10.5]","[2.024, 150.598, -5.522]",19,ESEVLRGKNLLRNALVSHL,-1.0
1BE3,A,372,385,"[-2.935, 156.765, -4.239]","[16.53, 158.388, -1.336]",14,TTPVCEDIGRSLLT,-1.0
1BE3,A,392,401,"[9.849, 151.395, -11.381]","[19.436, 140.652, -14.615]",10,LAEWESRIAE,-1.0
1BE3,A,404,414,"[21.682, 132.8, -9.501]","[27.574, 141.305, 3.241]",11,ARVVREVCSKY,-1.0
1BE3,A,434,441,"[28.397, 136.083, 20.25]","[28.855, 133.281, 9.376]",8,YNRIRSGM,-1.0
1BE3,B,65,71,"[-17.713, 125.185, 9.636]","[-8.582, 128.126, 6.999]",7,TSHLLRL,-1.0
1BE3,B,82,92,"[-1.786, 120.758, -1.135]","[4.983, 132.757, -9.211]",11,SFKITRGIEAV,-1.0
1BE3,B,113,128,"[-0.469, 139.413, -15.564]","[-14.799, 123.381, -6.803]",16,RDDVDILMEFLLNVTT,-1.0
1BE3,B,134,153,"[-9.84, 112.733, 7.232]","[-6.697, 139.826, 21.165]",20,RWEVAALQPQLRIDKAVALQ,-1.0
1BE3,B,155,167,"[-11.479, 143.641, 22.297]","[-28.931, 141.315, 18.875]",13,PQAHVIENLHAAA,-1.0
1BE3,B,188,198,"[-15.059, 116.419, 6.913]","[-23.399, 127.064, -0.475]",11,PVELHDYVQNH,-1.0
1BE3,B,213,223,"[-14.06, 139.22, -19.919]","[-16.027, 125.503, -14.388]",11,HPVLKQVAEQF,-1.0
1BE3,B,267,279,"[-32.944, 154.339, 1.447]","[-21.621, 161.574, 14.97]",13,AEANAFSVLQHVL,-1.0
1BE3,B,294,302,"[-20.724, 165.447, 17.924]","[-19.1, 165.218, 30.352]",9,SLYQAVAKG,-1.0
1BE3,B,333,348,"[-18.167, 153.533, 31.595]","[-33.791, 162.444, 17.433]",16,AGDVIKAAYNQVKTIA,-1.0
1BE3,B,354,372,"[-28.144, 171.773, 7.826]","[-12.565, 152.322, -4.144]",19,NPDVQAAKNKLKAGYLMSV,-1.0
1BE3,B,375,388,"[-7.469, 147.507, -6.756]","[-26.572, 142.058, -3.55]",14,SEGFLDEVGSQALA,-1.0
1BE3,B,395,404,"[-19.556, 155.545, -8.358]","[-30.568, 162.535, -1.85]",10,PSTVLQQIDA,-1.0
1BE3,B,407,418,"[-31.649, 166.722, 6.563]","[-33.766, 156.036, 20.518]",12,DADVINAAKKFV,-1.0
1BE3,C,10,18,"[22.401, 109.612, 19.402]","[32.284, 119.098, 25.434]",9,LMKIVNNAF,-1.0
1BE3,C,33,53,"[44.017, 119.971, 35.565]","[55.387, 96.719, 22.185]",21,FGSLLGICLILQILTGLFLAM,1.0
1BE3,C,62,72,"[63.329, 92.999, 31.803]","[68.515, 100.069, 19.44]",11,AFSSVTHICRD,-1.0
1BE3,C,76,104,"[62.299, 104.183, 21.763]","[36.872, 125.602, 46.775]",29,GWIIRYMHANGASMFFICLYMHVGRGLYY,1.0
1BE3,C,110,133,"[29.648, 113.963, 47.3]","[58.573, 96.775, 35.418]",24,LETWNIGVILLLTVMATAFMGYVL,1.0
1BE3,C,137,152,"[67.512, 97.808, 42.231]","[51.442, 93.506, 59.215]",16,QMSFWGATVITNLLSA,-1.0
1BE3,C,157,165,"[48.677, 89.229, 56.207]","[53.888, 87.778, 45.144]",9,GTNLVEWIW,-1.0
1BE3,C,172,202,"[59.388, 85.913, 37.907]","[24.605, 116.602, 36.496]",31,KATLTRFFAFHFILPFIIMAIAMVHLLFLHE,1.0
1BE3,C,222,244,"[33.995, 128.835, 22.073]","[64.438, 116.525, 26.741]",23,PYYTIKDILGALLLILALMLLVL,1.0
1BE3,C,272,282,"[58.167, 111.751, 45.098]","[57.822, 105.772, 59.414]",11,WYFLFAYAILR,-1.0
1BE3,C,287,307,"[54.425, 98.344, 61.763]","[34.298, 117.392, 58.127]",21,KLGGVLALAFSILILALIPLL,1.0
1BE3,C,319,340,"[40.964, 133.655, 55.658]","[64.375, 111.13, 51.006]",22,PLSQCLFWALVADLLTLTWIGG,1.0
1BE3,C,345,363,"[66.893, 111.447, 64.817]","[40.911, 116.394, 61.354]",19,HPYITIGQLASVLYFLLIL,1.0
1BE3,C,365,376,"[42.183, 122.477, 63.113]","[32.577, 135.894, 63.238]",12,LMPTAGTIENKL,1.0
1BE3,D,23,36,"[83.541, 113.112, 20.3]","[92.987, 100.613, 30.967]",14,HTSIRRGFQVYKQV,-1.0
1BE3,D,58,71,"[82.565, 101.602, 9.733]","[91.753, 87.788, 20.696]",14,EDEAKALAEEVEVQ,-1.0
1BE3,D,98,104,"[80.541, 87.249, 37.581]","[90.157, 87.889, 40.125]",7,PEAARAA,-1.0
1BE3,D,123,131,"[77.152, 111.092, 37.607]","[89.546, 108.149, 39.718]",9,GEDYVFSLL,-1.0
1BE3,D,179,194,"[96.082, 111.141, 34.872]","[75.196, 105.729, 29.719]",16,MSQVAKDVCTFLRWAA,-1.0
1BE3,D,196,201,"[73.761, 107.511, 23.755]","[67.967, 114.909, 22.769]",6,PEHDHR,-1.0
1BE3,D,204,231,"[65.496, 118.204, 19.953]","[36.392, 140.343, 29.011]",28,MGLKMLLMMGLLLPLVYAMKRHKWSVLK,1.0
1BE3,E,26,62,"[34.038, 147.98, 6.028]","[57.751, 99.737, 14.783]",37,KESSEARKGFSYLVTATTTVGVAYAAKNVVSQFVSSM,1.0
1BE3,E,66,73,"[69.232, 99.067, 15.273]","[71.581, 91.862, 5.774]",8,ADVLAMSK,-1.0
1BE3,E,103,111,"[82.063, 75.451, -16.735]","[70.813, 71.894, -20.122]",9,KKEIDQEAA,-1.0
1BE3,F,13,23,"[33.929, 141.424, 69.106]","[39.335, 140.557, 55.584]",11,LEGIRKWYYNA,-1.0
1BE3,F,25,29,"[37.284, 139.83, 50.313]","[33.426, 142.096, 45.062]",5,GFNKL,-1.0
1BE3,F,41,49,"[18.056, 122.516, 50.299]","[10.556, 132.753, 49.006]",9,DDVKEAIRR,-1.0
1BE3,F,52,71,"[10.968, 139.957, 43.357]","[38.234, 139.158, 35.243]",20,ENLYDDRVFRIKRALDLSMR,-1.0
1BE3,F,89,108,"[17.52, 139.605, 54.229]","[8.41, 112.29, 62.977]",20,YLEPYLKEVIRERKEREEWA,-1.0
1BE3,G,29,71,"[49.178, 144.136, 28.433]","[79.585, 115.308, 61.059]",43,YFSKGIPNVLRRTRACILRVAPPFVAFYLVYTWGTQEFEKSKR,1.0
1BE3,H,16,26,"[98.245, 119.488, 34.618]","[97.345, 128.512, 48.422]",11,PLTTVREQCEQ,-1.0
1BE3,H,28,40,"[93.549, 132.379, 52.28]","[94.851, 116.526, 64.105]",13,EKCVKARERLELC,-1.0
1BE3,H,55,76,"[89.05, 111.952, 58.263]","[94.237, 123.366, 31.116]",22,TEELLDFLHARDHCVAHKLFNS,-1.0
1BE3,J,5,13,"[49.479, 142.851, 3.63]","[43.792, 132.683, 0.736]",9,LTARLYSLL,-1.0
1BE3,J,17,47,"[38.512, 127.463, 4.007]","[79.103, 122.846, 19.231]",31,TSTFALTIVVGALFFERAFDQGADAIYEHIN,1.0
1BE3,K,16,34,"[30.351, 125.461, -5.755]","[54.234, 115.898, 2.069]",19,NWVPTAQLWGAVGAVGLVS,1.0
